{
  "age": 0.1094705771177628,
  "height": 0.1115840944017268,
  "weight": -0.1732317476351668,
  "temperature": 0.042170254518724,
  "heartrate": -0.1367532546468739,
  "resprate": -0.2447231760579012,
  "o2sat": -0.0101129329324841,
  "sbp": -0.0388421483395598,
  "dbp": -0.0314465861535733,
  "acuity": 0.0057611507964985,
  "Albumin": -0.0205127017885878,
  "Albumin_normalized_value": -0.0205127017885879,
  "Anion Gap": -0.0500339461376631,
  "Anion Gap_normalized_value": -0.050033946137663,
  "Base Excess": -0.0402158805014511,
  "Bicarbonate": -0.0554361624078444,
  "Bicarbonate_normalized_value": -0.0554361624078444,
  "Calcium, Total": -0.0388482641376906,
  "Calcium, Total_normalized_value": -0.0388482641376922,
  "Chloride": 0.1395779354515057,
  "Chloride_normalized_value": 0.1395779354515065,
  "Creatine Kinase (CK)": -0.1998352448055798,
  "Creatine Kinase (CK)_normalized_value": -0.1998352448055797,
  "Creatine Kinase, MB Isoenzyme": -0.1913620146544445,
  "Creatine Kinase, MB Isoenzyme_normalized_value": -0.1913620146544445,
  "Creatinine": -0.2737937203242497,
  "Creatinine_normalized_value": -0.2737937203242496,
  "Ferritin": -0.0918063314273216,
  "Ferritin_normalized_value": -0.0918063314273216,
  "Glucose": -0.3104542138896158,
  "Glucose_normalized_value": -0.3089613371985881,
  "Hematocrit": -0.0365411713021866,
  "Hematocrit_normalized_value": -0.0365411713021875,
  "Hemoglobin": -0.0478596378444094,
  "Hemoglobin_normalized_value": -0.0478596378444089,
  "INR(PT)": -0.4420689308914898,
  "INR(PT)_normalized_value": -0.4420689308914898,
  "Lactate": -0.1381618152254853,
  "Lactate_normalized_value": -0.1381618152254859,
  "Lactate Dehydrogenase (LD)": -0.0936395995425658,
  "Lactate Dehydrogenase (LD)_normalized_value": -0.0936395995425659,
  "Lymphocytes": -0.1322885909177319,
  "Lymphocytes_normalized_value": -0.1322885909177317,
  "MCH": 0.1154268778244233,
  "MCH_normalized_value": 0.1154268778244239,
  "MCHC": 0.0588989615525198,
  "MCHC_normalized_value": 0.0588989615525205,
  "MCV": 0.0504921133794917,
  "MCV_normalized_value": 0.0504921133794924,
  "Magnesium": -0.0787774445335485,
  "Magnesium_normalized_value": -0.0787774445335492,
  "NTproBNP": -0.1497895199894456,
  "NTproBNP_normalized_value": -0.1497895199894457,
  "Neutrophils": 0.085235606070797,
  "Neutrophils_normalized_value": 0.085235606070798,
  "Oxygen Saturation": 0.1646933357536227,
  "PT": -0.3755475945341634,
  "PT_normalized_value": -0.3755475945341632,
  "PTT": -0.3544270478784029,
  "PTT_normalized_value": -0.3544270478784028,
  "Phosphate": -0.1277745789574191,
  "Phosphate_normalized_value": -0.1277745789574187,
  "Platelet Count": -0.1586849397206956,
  "Platelet Count_normalized_value": -0.1586849397206957,
  "Potassium": -0.1371398434675984,
  "Potassium_normalized_value": -0.1371398434675984,
  "RBC": -0.1384854822024171,
  "RBC_normalized_value": -0.1384854822024171,
  "RDW": -0.1788106823259708,
  "RDW_normalized_value": -0.1788106823259706,
  "RDW-SD": -0.1027518546133973,
  "RDW-SD_normalized_value": -0.1027518546133951,
  "Red Blood Cells": -0.0322318585272449,
  "Red Blood Cells_normalized_value": -0.0322318585272443,
  "Sodium": 0.0928011882874199,
  "Sodium_normalized_value": 0.0928011882874166,
  "Thyroid Stimulating Hormone": -0.111236687901782,
  "Thyroid Stimulating Hormone_normalized_value": -0.111236687901782,
  "Troponin T": -0.2160198883540894,
  "Troponin T_normalized_value": -0.2160198883540894,
  "Urea Nitrogen": -0.3067356375211592,
  "Urea Nitrogen_normalized_value": -0.3067356375211589,
  "WBC": -0.1808017432117977,
  "WBC_normalized_value": -0.1808017432117977,
  "White Blood Cells": -0.1303629130485266,
  "White Blood Cells_normalized_value": -0.1303629130485268,
  "pCO2": -0.1111051726949539,
  "pCO2_normalized_value": -0.1111051726949538,
  "pH": 0.4232396932218107,
  "pH_normalized_value": 0.4232396932218125,
  "pO2": -0.1970539436236981,
  "pO2_normalized_value": -0.1970539436236982,
  "Heart failure": 0.0,
  "gender_male": 1.0,
  "hypothermia_flag": 0.0,
  "fever_flag": 0.0,
  "emergency_adm": 1.0,
  "discharge_loc_Home": 1.0,
  "discharge_loc_post_acute_care": 0.0,
  "discharge_loc_hospice": 0.0,
  "discharge_loc_acute_hospital": 0.0,
  "discharge_loc_other": 0.0,
  "discharge_loc_missing": 0.0,
  "marital_status_WIDOWED": 0.0,
  "marital_status_SINGLE": 0.0,
  "marital_status_DIVORCED": 0.0,
  "marital_status_MISSING": 0.0,
  "missing_Albumin": 1.0,
  "Albumin_abnormal_flag": 0.0,
  "missing_Anion Gap": 0.0,
  "Anion Gap_abnormal_flag": 0.0,
  "missing_Base Excess": 1.0,
  "missing_Bicarbonate": 0.0,
  "Bicarbonate_abnormal_flag": 0.0,
  "missing_Calcium, Total": 0.0,
  "Calcium, Total_abnormal_flag": 0.0,
  "missing_Chloride": 0.0,
  "Chloride_abnormal_flag": 0.0,
  "missing_Creatine Kinase (CK)": 0.0,
  "Creatine Kinase (CK)_abnormal_flag": 0.0,
  "missing_Creatine Kinase, MB Isoenzyme": 0.0,
  "Creatine Kinase, MB Isoenzyme_abnormal_flag": 0.0,
  "missing_Creatinine": 0.0,
  "Creatinine_abnormal_flag": 1.0,
  "missing_Ferritin": 1.0,
  "Ferritin_abnormal_flag": 0.0,
  "missing_Glucose": 0.0,
  "Glucose_abnormal_flag": 1.0,
  "missing_Hematocrit": 0.0,
  "Hematocrit_abnormal_flag": 1.0,
  "missing_Hemoglobin": 0.0,
  "Hemoglobin_abnormal_flag": 1.0,
  "missing_INR(PT)": 0.0,
  "INR(PT)_abnormal_flag": 1.0,
  "missing_Lactate": 1.0,
  "Lactate_abnormal_flag": 0.0,
  "missing_Lactate Dehydrogenase (LD)": 1.0,
  "Lactate Dehydrogenase (LD)_abnormal_flag": 0.0,
  "missing_Lymphocytes": 1.0,
  "Lymphocytes_abnormal_flag": 0.0,
  "missing_MCH": 0.0,
  "MCH_abnormal_flag": 0.0,
  "missing_MCHC": 0.0,
  "MCHC_abnormal_flag": 0.0,
  "missing_MCV": 0.0,
  "MCV_abnormal_flag": 0.0,
  "missing_Magnesium": 0.0,
  "Magnesium_abnormal_flag": 0.0,
  "missing_NTproBNP": 1.0,
  "NTproBNP_abnormal_flag": 0.0,
  "missing_Neutrophils": 1.0,
  "Neutrophils_abnormal_flag": 0.0,
  "missing_Oxygen Saturation": 1.0,
  "missing_PT": 0.0,
  "PT_abnormal_flag": 1.0,
  "missing_PTT": 0.0,
  "PTT_abnormal_flag": 0.0,
  "missing_Phosphate": 0.0,
  "Phosphate_abnormal_flag": 0.0,
  "missing_Platelet Count": 0.0,
  "Platelet Count_abnormal_flag": 0.0,
  "missing_Potassium": 0.0,
  "Potassium_abnormal_flag": 0.0,
  "missing_RBC": 1.0,
  "RBC_abnormal_flag": 0.0,
  "missing_RDW": 0.0,
  "RDW_abnormal_flag": 0.0,
  "missing_RDW-SD": 1.0,
  "RDW-SD_abnormal_flag": 0.0,
  "missing_Red Blood Cells": 0.0,
  "Red Blood Cells_abnormal_flag": 1.0,
  "missing_Sodium": 0.0,
  "Sodium_abnormal_flag": 0.0,
  "missing_Thyroid Stimulating Hormone": 1.0,
  "Thyroid Stimulating Hormone_abnormal_flag": 0.0,
  "missing_Troponin T": 0.0,
  "Troponin T_abnormal_flag": 0.0,
  "missing_Urea Nitrogen": 0.0,
  "Urea Nitrogen_abnormal_flag": 1.0,
  "missing_WBC": 1.0,
  "WBC_abnormal_flag": 0.0,
  "missing_White Blood Cells": 0.0,
  "White Blood Cells_abnormal_flag": 0.0,
  "missing_pCO2": 1.0,
  "pCO2_abnormal_flag": 0.0,
  "missing_pH": 0.0,
  "pH_abnormal_flag": 0.0,
  "missing_pO2": 1.0,
  "pO2_abnormal_flag": 0.0,
  "Acute kidney failure": 0.0,
  "Acute myocardial infarction": 0.0,
  "Alcohol related disorders": 0.0,
  "Anemia in chronic diseases classified elsewhere": 0.0,
  "Angina pectoris": 0.0,
  "Asthma": 0.0,
  "Atrial fibrillation and flutter": 0.0,
  "Atrioventricular and left bundle-branch block": 0.0,
  "Cardiomyopathy": 0.0,
  "Chronic ischemic heart disease": 1.0,
  "Chronic kidney disease (CKD)": 0.0,
  "Cocaine related disorders": 0.0,
  "Depressive episode": 0.0,
  "Disorders of lipoprotein metabolism and other lipidemias": 1.0,
  "Disorders of mineral metabolism": 0.0,
  "Disorders resulting from impaired renal tubular function": 0.0,
  "Epilepsy and recurrent seizures": 0.0,
  "Essential (primary) hypertension": 0.0,
  "Fibrosis and cirrhosis of liver": 0.0,
  "Hypertensive chronic kidney disease": 0.0,
  "Hypertensive heart and chronic kidney disease": 0.0,
  "Hypertensive heart disease": 0.0,
  "Iron deficiency anemia": 0.0,